{
    "LinearRegression": {
        "MSE": 1.7887888132799392,
        "R2": -0.003053302325423557,
        "Forex pair": "HKD",
        "Transformation": 